Index	Color	Pattern/Shape	Density	Orientation	Env. Landmark	UserID
2	0	1	2	0	2	0	0	0	2	0	216
3	0	1	1	0	0	0	0	1	1	1	216
4	0	2	1	0	0	0	0	0	1	0	216
5	0	1	1	0	1	0	1	0	2	0	216
6	0	1	2	0	1	0	1	0	1	0	216
7	0	1	1	0	0	0	0	1	1	1	216
8	0	1	1	0	0	0	0	0	0	0	216
9	0	1	2	0	1	0	0	0	1	0	216
10	0	2	2	0	0	0	0	1	1	1	216
11	0	2	3	0	0	0	0	0	1	0	216
12	0	2	2	0	0	0	0	0	0	0	216
13	0	2	1	0	0	0	0	1	1	1	216
14	0	1	2	0	1	0	1	0	2	0	216
16	1	1	1	0	1	0	0	2	1	1	217
17	1	1	2	0	0	0	0	0	2	0	217
18	1	2	1	0	0	0	0	0	1	0	217
19	1	1	1	0	0	0	0	1	1	1	217
20	1	2	3	0	1	0	1	0	0	0	217
21	1	2	3	0	2	0	1	1	1	1	217
22	1	1	1	0	1	0	0	0	0	0	217
23	1	1	1	0	1	0	0	0	1	1	217
24	1	2	2	0	1	0	0	1	0	1	217
25	1	1	1	0	1	0	0	1	0	1	217
26	1	1	1	0	2	0	0	0	1	0	217
27	1	2	1	0	0	0	0	0	1	0	217
28	1	1	1	0	0	0	1	1	1	1	217
29	1	1	2	1	0	0	1	0	0	0	215
30	1	2	3	1	0	0	2	0	3	1	215
31	1	3	3	0	0	0	0	0	0	0	215
32	1	1	1	0	0	0	0	0	0	0	215
33	1	1	1	0	0	0	0	2	1	1	215
34	1	3	2	0	0	0	0	2	2	1	215
35	1	3	3	0	0	0	0	0	1	0	215
36	1	4	4	0	0	0	0	0	1	0	215
38	1	3	5	3	1	0	3	0	4	0	215
40	1	2	2	0	0	0	0	2	2	1	215
41	3	5	7	0	1	0	3	1	5	1	215
42	1	2	3	0	2	0	2	0	0	0	215
45	2	1	2	0	0	0	1	1	2	0	212
46	2	3	2	0	1	0	0	1	1	0	212
47	2	2	1	0	1	0	0	2	0	0	212
49	2	1	1	0	0	0	0	2	1	0	212
50	2	1	3	0	1	0	1	1	1	0	212
51	3	2	3	0	2	0	2	1	1	0	212
52	2	2	2	0	0	0	0	2	3	0	212
53	2	2	2	0	0	0	0	2	1	0	212
54	2	3	3	0	0	0	0	1	1	0	212
55	2	2	2	0	1	0	1	3	2	0	212
56	2	2	1	0	0	0	1	3	2	0	212
57	2	1	1	0	0	0	0	1	3	2	213
60	2	1	1	0	0	0	0	1	3	2	213
61	2	1	1	0	0	0	0	1	2	1	213
62	2	2	2	0	0	0	0	1	4	1	213
63	2	6	3	2	0	1	0	1	3	0	213
64	2	3	3	0	0	0	0	1	3	1	213
65	2	1	3	0	1	0	0	2	4	1	213
66	2	4	3	0	0	0	1	1	2	1	213
67	4	4	4	0	0	0	0	1	5	0	213
68	4	4	4	0	0	0	0	3	7	0	213
69	2	5	4	0	0	0	0	2	4	0	213
70	2	4	3	0	0	0	0	2	5	0	213
71	1	1	1	0	0	0	0	2	1	3	211
72	1	1	1	0	0	0	1	0	0	1	211
73	1	4	1	2	0	0	3	0	0	1	211
74	1	1	1	0	0	0	0	0	0	1	211
75	1	1	1	0	0	0	0	0	0	2	211
76	1	1	1	0	0	0	0	0	1	2	211
77	2	1	1	0	0	0	0	0	1	1	211
78	1	2	1	0	2	0	0	0	1	2	211
79	1	1	1	0	0	0	1	0	0	1	211
80	1	1	1	0	0	0	1	0	0	1	211
81	1	1	1	0	0	0	0	0	0	2	211
82	1	0	1	0	0	0	1	0	2	1	211
83	1	1	1	0	0	0	0	0	1	1	211
84	1	1	1	0	0	0	0	0	1	2	211
85	1	1	1	0	0	0	0	0	0	0	218
86	1	1	1	0	1	0	0	0	0	0	218
87	1	3	2	0	1	0	0	1	1	1	218
88	1	1	1	0	1	0	0	1	0	1	218
90	1	1	1	0	2	0	0	1	0	1	218
91	1	3	3	0	0	0	1	0	1	1	218
92	1	1	1	0	0	0	0	1	1	1	218
93	2	0	1	0	1	0	2	1	0	1	218
94	2	0	1	0	1	0	2	0	2	0	218
95	2	3	3	0	0	0	1	1	2	1	218
96	1	1	1	0	1	0	0	1	0	1	218
99	1	2	2	0	0	0	0	0	1	0	227
100	1	2	2	0	1	0	0	1	1	0	227
101	1	2	2	0	0	0	0	0	1	0	227
103	1	2	2	0	0	0	0	0	0	0	227
104	1	4	4	0	0	0	0	1	0	0	227
105	1	1	1	0	0	0	0	0	0	0	227
106	1	2	2	0	0	0	0	0	2	0	227
107	1	1	2	0	0	0	1	0	0	0	227
108	1	1	1	0	1	0	0	0	0	0	227
109	1	2	2	0	0	0	0	0	0	0	227
110	1	2	2	0	0	0	1	0	0	0	227
112	1	1	1	0	0	0	1	0	0	0	227
114	1	1	1	0	0	0	0	1	1	1	90
115	1	1	1	0	0	0	0	1	1	1	90
116	1	1	1	0	0	0	1	0	0	1	90
117	1	1	2	0	1	0	1	0	1	0	90
119	1	1	1	0	0	0	0	1	1	0	90
120	1	1	1	0	0	0	0	1	1	1	90
121	1	1	1	0	0	0	1	0	0	1	90
122	1	1	1	0	0	0	0	1	1	0	90
123	1	1	1	0	0	0	0	0	1	1	90
124	1	2	2	0	0	0	0	0	1	2	90
125	1	3	3	0	0	0	0	0	2	2	90
126	1	1	1	0	0	0	0	0	0	1	90
127	1	1	1	0	0	0	0	0	0	1	24
128	1	1	1	0	0	0	0	0	0	0	24
129	1	1	1	0	0	0	0	1	1	0	24
130	1	1	1	0	0	0	0	1	1	1	24
131	1	1	1	0	0	0	0	1	1	0	24
132	1	4	3	0	0	0	2	0	0	1	24
134	1	1	1	0	0	0	0	1	1	0	24
135	1	1	1	0	0	0	0	1	1	1	24
136	1	1	1	0	0	0	0	0	0	1	24
137	1	2	3	0	0	0	0	0	1	1	24
138	1	2	2	0	0	0	0	0	1	1	24
139	1	2	2	0	0	0	0	0	1	0	24
140	1	1	1	0	0	0	0	0	0	1	24
141	1	1	1	0	0	0	0	1	1	1	26
142	1	1	2	0	1	0	1	0	1	0	26
143	1	1	1	0	0	0	1	0	0	0	26
144	1	2	2	0	0	0	0	1	2	1	26
146	1	1	1	0	0	0	0	1	1	1	26
148	1	1	1	0	0	0	1	0	0	0	26
149	1	1	1	0	0	0	0	1	1	0	26
150	1	1	2	0	1	0	1	0	1	0	26
151	1	1	1	0	1	0	2	0	0	0	26
152	1	1	1	0	0	0	0	1	1	1	26
153	1	1	1	0	0	0	1	0	0	0	26
154	1	1	1	0	0	0	2	0	0	0	26
155	1	1	1	0	0	0	0	1	2	0	20
156	1	1	1	0	0	0	0	1	0	1	20
157	1	3	4	0	1	0	0	0	0	0	20
158	1	2	2	0	0	0	1	0	0	0	20
159	1	1	0	0	0	0	2	1	1	0	20
160	1	2	3	0	1	0	0	0	0	0	20
161	1	1	1	0	0	0	1	0	0	0	20
162	1	2	2	0	0	0	0	0	1	0	20
163	0	2	2	0	0	0	0	0	1	0	20
164	0	2	2	0	0	0	0	1	1	0	20
165	0	2	2	0	0	0	0	0	0	0	20
167	1	2	2	0	0	0	0	0	0	0	20
168	0	2	2	0	0	0	0	0	0	0	20
169	3	2	0	0	0	0	1	0	1	0	21
172	2	2	0	0	0	0	1	0	0	0	21
173	3	2	0	0	0	0	0	0	2	0	21
174	3	2	0	0	0	0	0	0	1	0	21
175	3	2	0	0	0	0	0	0	1	0	21
176	2	2	0	0	0	0	1	0	0	0	21
177	2	2	0	0	0	0	0	0	1	0	21
178	2	2	0	0	0	0	0	0	1	0	21
179	2	2	0	0	0	0	1	0	0	0	21
180	2	2	0	0	0	0	1	0	0	0	21
181	2	2	0	0	0	0	1	0	0	0	21
182	2	2	0	0	0	0	0	0	1	0	21
183	1	1	1	0	0	0	0	1	1	1	22
185	1	2	3	0	2	0	1	0	3	1	22
186	1	1	1	0	0	0	1	0	1	1	22
187	1	1	1	0	1	0	0	1	0	1	22
188	1	1	1	0	0	0	0	0	1	1	22
189	1	1	1	0	0	0	0	2	3	1	22
190	1	1	1	0	0	0	1	0	0	1	22
191	1	2	2	0	0	0	0	1	2	1	22
193	1	1	1	0	0	0	0	1	0	1	22
194	1	1	1	0	0	0	0	1	0	1	22
195	1	2	2	0	0	0	0	1	2	0	22
196	1	1	1	0	0	0	0	1	1	1	22
197	2	1	1	0	0	0	1	1	2	0	23
198	2	2	1	0	1	0	1	0	0	1	23
199	2	1	1	0	0	0	0	1	1	0	23
200	2	1	1	0	1	0	0	1	0	0	23
202	2	3	2	0	1	0	0	1	3	1	23
203	2	2	2	0	0	0	0	2	3	1	23
204	2	1	1	0	1	0	0	2	2	1	23
205	2	2	1	0	1	0	0	1	1	2	23
206	2	3	3	0	3	0	1	0	1	1	23
207	2	1	2	0	0	0	1	1	2	0	23
208	2	1	1	0	0	0	0	1	1	1	23
209	2	2	1	0	1	0	0	1	1	2	23
210	2	0	3	0	0	0	2	1	2	0	23
211	1	1	2	0	0	0	1	1	1	0	29
212	1	1	1	0	0	0	0	0	0	1	29
213	2	3	3	0	0	0	2	2	2	1	29
214	1	2	2	0	1	0	1	0	1	1	29
215	1	1	1	0	0	0	0	1	1	1	29
216	1	2	3	0	1	0	0	1	1	0	29
217	1	3	3	0	0	0	0	1	2	0	29
218	1	1	1	0	1	0	0	2	1	2	29
219	1	1	1	0	0	0	0	1	1	1	29
220	1	2	2	0	0	0	0	1	2	1	29
221	3	4	4	0	0	0	1	1	0	2	29
222	1	1	1	0	0	0	0	0	0	1	29
223	1	1	1	0	0	0	0	0	0	1	29
224	1	3	3	0	0	0	0	1	2	1	29
226	1	1	1	0	0	0	0	0	0	1	222
227	1	2	2	0	0	0	1	0	0	1	222
228	1	1	2	0	2	0	1	0	0	0	222
229	1	2	2	0	0	0	0	1	2	1	222
230	1	2	2	0	0	0	0	1	3	0	222
231	1	1	1	0	1	0	0	1	0	0	222
232	1	2	3	0	1	0	1	0	0	0	222
233	1	1	1	0	0	0	0	1	1	0	222
234	1	2	2	0	0	0	0	0	1	1	222
235	1	1	1	0	0	0	0	1	1	1	222
236	1	1	3	0	0	0	0	1	1	2	222
237	1	2	2	0	0	0	0	1	1	2	222
238	1	1	1	0	0	0	1	0	0	1	222
239	1	1	1	0	0	0	0	0	1	0	4
240	1	1	0	0	0	0	1	0	0	0	4
241	1	1	1	0	1	0	0	1	0	1	4
242	1	1	1	0	0	0	2	0	1	0	4
243	1	1	1	0	1	0	0	1	0	1	4
244	1	1	1	0	1	0	0	1	0	1	4
246	1	1	1	0	0	0	0	0	0	0	4
247	1	1	0	0	0	0	1	0	0	0	4
249	1	1	1	0	0	0	1	1	1	1	4
250	1	1	1	0	1	0	2	2	0	2	4
251	1	1	1	0	1	0	0	1	0	1	4
252	1	1	1	0	0	0	0	1	1	1	4
253	1	1	1	0	0	0	0	1	0	1	8
254	1	1	1	0	0	0	0	0	0	0	8
255	1	1	1	0	0	0	0	1	0	1	8
256	1	1	2	0	0	0	1	1	1	1	8
257	1	1	2	0	0	0	1	0	0	0	8
258	2	1	2	2	0	0	2	0	2	1	8
259	2	0	1	0	0	0	3	1	0	0	8
260	3	1	2	0	0	0	1	0	0	0	8
261	1	1	2	0	0	0	0	1	1	1	8
263	1	2	2	0	0	0	0	1	0	1	8
264	2	0	3	0	1	0	4	0	0	1	8
265	3	3	3	0	0	0	0	1	2	1	8
267	1	1	1	0	0	0	0	0	0	0	58
268	1	1	2	0	1	0	0	0	1	0	58
269	1	1	1	0	0	0	0	0	1	0	58
270	1	1	1	0	0	0	0	0	1	0	58
271	1	1	1	0	0	0	0	0	0	0	58
272	1	1	0	0	0	0	0	0	0	0	58
273	1	1	0	0	0	0	0	1	0	1	58
274	1	2	2	0	0	0	0	0	1	0	58
275	1	1	1	0	0	0	0	1	2	1	58
277	1	1	1	0	0	0	0	0	1	0	58
278	1	1	1	0	0	0	0	0	1	0	58
279	1	3	2	0	0	0	0	0	1	0	58
281	1	2	2	0	1	0	0	0	2	0	55
282	1	1	1	0	0	0	0	1	2	0	55
283	1	1	1	0	1	0	1	1	1	2	55
284	1	1	1	0	1	0	1	1	1	2	55
285	1	1	1	0	0	0	0	1	1	1	55
286	1	1	1	0	0	0	0	1	1	1	55
287	1	1	1	0	0	0	0	1	1	1	55
289	1	1	2	0	0	0	1	0	1	0	55
290	1	1	2	0	0	0	1	0	1	0	55
291	1	1	1	0	0	0	0	1	1	1	55
292	1	0	1	0	0	0	2	0	1	1	55
293	1	1	1	0	0	0	0	1	1	0	55
294	1	1	1	0	2	0	0	0	0	1	55
297	1	1	1	0	1	0	0	1	0	1	88
298	1	1	1	0	1	0	0	1	0	1	88
299	1	1	1	0	0	0	0	1	1	1	88
300	1	2	2	0	0	0	0	0	1	1	88
301	1	1	1	0	0	0	0	0	0	1	88
302	1	1	2	0	1	0	1	0	1	1	88
303	1	1	1	0	0	0	0	1	1	1	88
304	1	2	2	0	0	0	0	0	0	1	88
305	1	2	2	0	0	0	0	1	2	1	88
306	1	1	1	0	0	0	0	1	1	1	88
307	1	1	1	0	0	0	0	1	1	1	88
308	1	1	2	0	1	0	1	0	1	1	88
309	1	1	1	0	1	0	0	1	0	1	89
310	1	1	2	0	2	0	1	0	0	0	89
311	1	2	2	0	0	0	0	0	1	0	89
312	1	1	3	0	1	0	2	0	1	1	89
313	1	1	1	0	0	0	0	1	1	1	89
314	1	1	1	0	0	0	0	1	1	1	89
315	1	1	1	0	0	0	0	1	0	1	89
316	1	1	1	0	2	0	1	0	2	1	89
317	1	1	1	0	0	0	0	1	1	2	89
318	1	1	1	0	1	0	0	0	0	1	89
319	1	3	2	0	1	0	1	0	2	0	89
320	1	1	2	0	1	0	1	0	2	1	89
321	1	1	2	0	0	0	1	0	1	0	89
322	1	1	1	0	2	0	0	0	0	0	89
323	1	1	1	0	0	0	0	1	1	0	83
324	1	1	1	0	0	0	0	1	1	1	83
325	1	2	3	0	1	0	1	0	1	0	83
326	1	1	1	0	0	0	0	0	0	1	83
327	1	2	4	0	1	0	0	0	2	1	83
328	1	2	3	0	1	0	1	0	1	1	83
329	1	1	1	0	0	0	2	1	1	2	83
330	1	1	1	0	0	0	0	1	1	0	83
332	2	2	2	1	2	0	2	1	4	0	83
333	1	1	1	0	0	0	0	1	1	1	83
334	2	1	2	0	0	0	2	2	1	1	83
335	1	1	1	0	0	0	0	1	1	0	83
336	1	2	2	0	1	0	3	1	3	2	83
337	1	1	1	0	0	0	0	1	0	1	80
338	1	1	1	0	0	0	0	1	1	1	80
340	1	1	1	0	0	0	0	1	1	1	80
341	1	1	1	0	0	0	0	1	0	1	80
343	1	2	2	0	0	0	0	0	0	0	80
344	1	1	2	0	2	0	0	0	0	0	80
345	1	2	2	0	0	0	0	0	0	0	80
347	1	1	1	0	0	0	0	1	1	1	80
348	1	2	2	0	0	0	0	1	2	1	80
349	1	1	1	0	0	0	0	1	1	1	80
350	1	2	2	0	0	0	0	1	0	1	80
351	6	4	0	1	0	0	3	2	4	3	81
352	2	1	2	0	1	0	2	2	3	2	81
353	1	1	1	0	0	0	0	1	1	1	81
354	1	1	1	0	1	0	0	1	0	1	81
355	3	3	2	0	1	0	1	2	0	3	81
356	3	2	1	0	0	0	1	3	0	4	81
357	1	1	1	0	1	0	0	1	0	1	81
358	3	1	2	0	0	0	4	4	2	4	81
359	5	2	4	0	2	0	3	3	4	3	81
360	3	3	3	0	1	0	0	1	1	1	81
361	2	3	3	1	2	0	3	1	2	1	81
362	3	3	2	0	0	0	1	2	2	2	81
363	3	3	2	0	0	0	1	3	3	3	81
364	4	0	2	0	2	0	5	2	1	4	81
367	1	4	3	0	0	0	1	0	0	1	86
368	1	1	1	0	0	0	0	1	1	1	86
369	1	3	3	0	1	0	0	1	1	1	86
370	1	1	1	0	0	0	0	0	0	1	86
371	1	1	1	0	0	0	0	1	0	1	86
372	1	1	1	0	0	0	1	1	1	2	86
373	1	2	3	0	1	0	1	0	1	0	86
374	1	3	3	0	1	0	0	0	0	0	86
375	2	1	3	0	0	0	2	1	0	1	86
376	1	1	1	0	0	0	0	1	0	1	86
377	2	2	2	0	0	0	0	0	2	0	86
378	1	1	1	0	1	0	0	0	0	1	86
379	2	1	1	0	0	0	0	0	0	0	87
380	1	1	1	0	0	0	0	0	1	1	87
381	1	1	1	0	0	0	0	0	1	0	87
382	1	1	1	0	0	0	0	0	1	1	87
383	1	1	1	0	0	0	0	1	1	2	87
384	1	1	1	0	0	0	1	0	1	1	87
385	1	1	1	0	0	0	0	1	1	1	87
386	1	1	1	0	1	0	1	1	0	1	87
387	1	1	1	0	0	0	0	1	1	1	87
388	1	1	1	0	0	0	0	1	1	2	87
389	1	1	1	0	0	0	0	0	1	0	87
390	1	1	1	0	0	0	0	1	1	1	87
392	1	2	2	0	0	0	0	0	1	1	87
394	1	1	1	0	0	0	0	0	0	0	84
396	1	1	1	0	0	0	0	0	1	0	84
397	1	1	1	0	0	0	1	0	0	0	84
399	1	2	2	0	0	0	0	1	1	0	84
400	1	2	2	0	0	0	0	0	0	0	84
401	1	1	1	0	0	0	0	2	1	1	84
403	1	1	1	0	0	0	1	0	0	1	84
404	1	2	2	0	0	0	1	0	0	0	84
405	1	2	2	0	0	0	0	0	0	0	84
406	1	1	1	0	0	0	0	0	0	1	84
407	1	1	1	0	0	0	0	1	0	1	85
408	1	1	1	0	0	0	1	0	0	1	85
409	1	1	1	0	0	0	0	1	1	1	85
410	1	1	1	0	0	0	1	0	0	0	85
411	1	1	1	0	0	0	1	0	0	0	85
412	1	1	1	0	0	0	0	0	1	0	85
413	1	1	1	0	0	0	0	0	1	0	85
414	1	1	1	0	0	0	0	0	1	0	85
415	1	1	1	0	0	0	0	1	1	0	85
416	1	1	1	0	0	0	0	1	1	1	85
417	1	2	2	0	0	0	1	1	2	0	85
419	1	1	1	0	0	0	1	1	1	1	85
420	1	1	1	0	0	0	1	0	0	0	85
421	4	3	2	0	1	0	0	2	1	1	3
422	4	2	1	0	0	0	0	1	1	0	3
423	1	1	1	0	0	0	0	1	1	1	3
424	2	1	2	0	1	0	3	1	3	1	3
425	1	1	1	0	0	0	2	2	3	0	3
427	4	5	3	0	0	0	1	1	1	2	3
428	1	1	1	0	1	0	0	1	1	1	3
429	2	3	4	0	1	0	1	0	4	2	3
430	3	2	3	2	0	0	1	2	4	1	3
431	1	1	1	0	0	0	0	2	1	1	3
432	1	1	1	0	0	0	0	2	1	0	3
433	1	1	1	0	0	0	0	2	1	1	3
434	1	3	2	0	2	0	3	1	3	2	3
435	1	2	2	0	0	0	0	1	1	1	7
436	1	4	3	0	1	0	1	0	1	1	7
437	1	1	1	0	0	0	0	0	0	1	7
438	1	1	2	0	2	0	1	0	3	0	7
439	1	1	1	0	0	0	0	1	1	1	7
440	1	1	2	0	1	0	1	0	1	1	7
441	1	1	1	0	0	0	0	0	0	1	7
442	1	1	1	0	1	0	0	1	0	1	7
443	1	2	2	0	0	0	0	0	1	0	7
444	1	1	1	0	0	0	0	0	0	1	7
445	1	1	1	0	1	0	0	1	0	1	7
446	1	1	1	0	0	0	0	0	0	0	7
447	1	2	2	0	0	0	0	0	0	0	7
448	1	1	1	0	1	0	0	1	0	1	7
449	1	1	3	0	2	0	1	1	1	2	244
451	1	1	1	0	1	0	0	1	1	2	244
452	1	3	4	0	1	0	1	0	1	1	244
453	1	1	3	0	2	0	2	0	1	0	244
454	1	2	1	0	2	0	0	0	1	0	244
457	1	3	3	0	1	0	0	1	2	0	244
458	1	2	3	0	2	0	1	0	0	0	244
459	1	3	3	0	0	0	0	0	2	0	244
460	1	1	3	0	1	0	0	0	1	0	244
461	1	1	4	0	4	0	0	0	2	0	244
462	1	2	3	0	1	0	1	0	1	0	244
463	2	1	1	0	0	0	0	1	1	0	241
464	2	1	2	0	0	0	1	0	1	0	241
465	2	1	1	0	0	0	0	0	0	0	241
466	2	1	2	0	0	0	0	0	1	0	241
468	2	1	1	0	0	0	2	0	0	0	241
469	2	1	1	0	0	0	0	1	1	0	241
470	2	1	1	0	0	0	0	0	0	0	241
471	2	1	2	0	0	0	0	0	1	0	241
472	2	1	3	0	0	0	0	0	0	0	241
474	2	1	1	0	0	0	0	1	1	0	241
475	2	1	2	0	0	0	2	0	1	0	241
476	2	1	3	0	0	0	0	0	2	0	241
477	1	1	1	0	1	0	0	0	0	1	240
479	1	1	1	0	1	0	0	1	0	1	240
480	1	1	1	0	0	0	0	0	1	1	240
481	1	2	2	0	0	0	1	0	1	1	240
482	1	1	1	0	2	0	0	1	0	2	240
483	1	1	1	0	1	0	0	1	0	1	240
484	1	0	1	0	1	0	2	0	1	1	240
485	1	1	1	0	1	0	0	1	1	2	240
486	1	1	1	0	2	0	0	0	1	1	240
487	1	1	1	0	2	0	0	0	1	1	240
488	1	1	1	0	2	0	0	1	0	2	240
489	1	2	2	0	1	0	1	0	0	1	240
490	1	0	1	0	1	0	2	0	1	1	240
491	1	4	3	0	2	0	0	0	0	0	243
492	1	1	1	0	0	0	1	0	0	0	243
493	1	1	2	0	0	0	1	0	1	0	243
494	1	1	1	1	0	0	0	0	0	0	243
495	1	1	1	0	0	0	0	1	1	1	243
496	1	1	1	0	0	0	1	0	0	0	243
497	1	1	1	0	0	0	1	0	0	0	243
498	1	1	1	0	0	0	0	0	0	0	243
499	1	1	1	0	0	0	0	1	0	1	243
500	1	1	1	0	0	0	0	1	0	1	243
501	1	2	2	0	0	0	0	0	0	0	243
502	1	3	2	0	0	0	0	0	2	0	243
503	1	1	1	0	0	0	0	1	0	1	243
504	1	1	1	0	0	0	0	0	0	0	243
506	1	3	4	0	1	0	2	0	1	0	242
507	1	3	2	0	0	0	0	1	1	1	242
508	1	1	1	0	1	0	0	1	0	0	242
509	1	3	3	0	0	0	0	0	1	0	242
510	1	3	4	0	0	0	0	0	1	0	242
511	1	4	5	0	0	0	1	0	1	0	242
512	1	2	1	0	1	0	0	1	1	0	242
513	1	3	3	0	0	0	0	1	1	0	242
514	1	1	2	0	0	0	1	2	2	1	242
515	1	3	3	0	1	0	0	0	0	0	242
517	1	1	2	0	0	0	1	0	1	0	242
518	1	2	2	0	0	0	1	0	1	0	242
519	2	2	2	1	0	0	1	0	0	0	39
520	2	3	3	0	0	0	0	0	1	0	39
521	1	1	1	0	0	0	1	1	1	1	39
522	1	2	2	0	1	0	0	0	1	0	39
523	1	1	1	0	0	0	0	1	2	1	39
524	1	2	2	0	0	0	0	0	1	0	39
525	1	1	1	0	0	0	1	1	1	1	39
526	1	2	2	0	1	0	1	0	0	0	39
527	1	2	2	0	0	0	0	0	1	0	39
528	1	1	1	1	1	0	0	0	0	0	39
529	1	2	2	0	0	0	0	0	1	0	39
530	1	2	2	0	1	0	1	0	0	0	39
531	1	1	1	1	1	0	0	0	0	0	39
532	1	2	2	0	0	0	0	0	1	0	39
533	1	3	2	0	1	0	0	2	2	2	38
534	2	1	1	0	1	0	0	3	1	2	38
535	3	3	2	0	1	0	0	3	3	3	38
537	1	3	2	0	0	0	0	2	3	1	38
539	3	1	1	1	0	0	0	1	0	0	38
541	2	1	1	0	0	0	0	1	0	0	38
542	3	1	2	2	0	0	1	0	1	0	38
543	2	1	1	1	0	0	0	2	1	1	38
544	3	1	1	1	0	0	0	1	0	0	38
545	2	1	1	1	0	0	0	2	1	1	38
546	3	2	3	0	0	0	1	1	0	0	38
547	0	3	1	0	0	0	1	1	1	0	31
548	0	3	0	0	1	0	0	0	1	0	31
549	0	3	0	0	0	0	1	1	1	0	31
550	0	3	0	0	2	0	2	1	0	0	31
552	0	2	0	1	1	0	1	1	1	0	31
553	0	4	0	0	0	0	1	0	2	0	31
554	0	3	0	0	2	0	2	1	0	0	31
555	0	3	0	0	0	0	0	1	1	0	31
556	0	2	0	0	0	0	0	0	0	0	31
557	0	2	0	0	0	0	0	0	2	0	31
558	0	3	0	0	0	0	2	0	0	0	31
559	0	4	0	0	2	0	0	1	1	0	31
560	0	2	0	0	0	0	2	0	0	0	31
562	1	1	1	0	0	0	0	0	0	1	30
563	1	1	1	0	0	0	1	0	1	0	30
564	1	1	1	0	0	0	0	1	0	1	30
565	1	1	1	0	0	0	0	1	1	1	30
566	1	2	2	0	1	0	1	0	0	0	30
567	1	1	1	0	0	0	1	1	1	1	30
569	1	1	1	0	1	0	0	1	0	1	30
570	1	1	1	0	1	0	1	1	0	1	30
571	1	2	2	0	0	0	0	1	2	1	30
574	1	1	1	0	0	0	0	0	1	1	30
576	5	3	1	0	0	0	1	3	0	4	37
577	5	4	1	0	0	0	1	2	0	2	37
578	5	4	1	0	0	0	1	2	0	2	37
579	3	4	1	0	0	0	1	2	2	3	37
581	3	5	1	0	1	0	1	1	0	2	37
582	3	4	1	0	0	0	1	1	2	2	37
583	3	3	2	0	0	0	1	1	3	1	37
584	3	3	2	0	0	0	2	2	3	2	37
585	4	5	2	0	1	0	1	1	4	3	37
586	4	5	3	0	3	0	0	2	4	3	37
587	1	1	1	1	0	0	1	1	0	0	37
588	1	1	1	0	0	0	1	1	0	1	37
589	1	5	3	0	0	0	0	0	0	0	36
591	1	3	3	0	1	0	0	0	1	0	36
592	1	3	3	0	2	0	0	1	2	0	36
593	1	2	2	0	0	0	0	1	2	1	36
595	1	2	2	0	0	0	0	0	1	0	36
596	1	1	1	0	0	0	0	0	0	1	36
597	1	1	1	0	0	0	0	0	0	1	36
598	1	1	1	0	1	0	0	1	0	1	36
599	1	1	1	0	1	0	0	1	0	1	36
601	1	1	1	0	1	0	1	2	0	1	36
602	1	2	3	0	2	0	1	0	0	0	36
603	3	3	1	0	0	0	0	1	1	1	34
604	1	1	1	0	2	0	4	1	1	1	34
607	1	0	1	0	1	0	2	2	1	1	34
608	1	0	1	0	2	0	4	2	2	1	34
610	2	2	1	1	0	0	2	0	1	0	34
611	1	0	1	0	3	0	4	1	1	0	34
613	1	2	1	0	1	0	0	2	1	1	34
614	1	2	3	0	2	0	1	1	1	1	34
616	1	2	2	0	2	0	1	0	1	0	34
617	2	1	1	0	0	0	0	1	1	1	66
618	2	1	2	0	0	0	1	1	1	0	66
619	2	1	1	0	1	0	0	2	1	1	66
621	2	1	1	0	0	0	0	1	1	1	66
622	2	1	3	0	1	0	2	1	1	0	66
623	2	1	1	0	1	0	0	1	0	0	66
624	2	1	1	0	0	0	0	1	1	0	66
625	2	1	1	0	0	0	0	1	1	1	66
626	2	1	1	0	0	0	0	1	1	0	66
627	2	2	2	0	0	0	2	2	2	1	66
628	2	1	2	0	2	0	1	1	1	0	66
629	2	1	2	0	3	0	1	1	0	0	66
630	2	5	5	0	1	0	0	1	2	0	66
631	1	2	2	0	0	0	0	0	0	0	67
632	1	1	1	0	0	0	0	1	1	1	67
633	1	1	1	0	0	0	1	0	0	0	67
634	1	1	1	0	0	0	0	1	0	1	67
635	1	1	1	0	0	0	0	1	1	1	67
636	1	1	1	0	0	0	1	0	0	0	67
637	1	1	1	0	0	0	0	1	1	1	67
638	1	1	1	0	0	0	0	1	0	1	67
639	4	5	4	0	0	0	0	1	2	1	67
640	1	1	2	0	0	0	1	0	2	0	67
641	2	2	2	0	0	0	1	0	1	0	67
642	1	1	1	0	0	0	0	1	1	1	67
643	1	1	1	0	0	0	0	1	0	1	67
644	1	1	2	0	1	0	1	0	0	0	67
645	1	1	1	0	0	0	1	0	0	0	68
646	1	1	2	0	0	0	1	0	1	0	68
647	1	2	2	0	0	0	0	0	2	0	68
648	1	1	1	0	0	0	1	0	0	0	68
649	1	1	1	0	0	0	0	1	1	0	68
650	1	1	1	0	0	0	1	0	0	0	68
651	1	1	1	0	0	0	0	1	1	0	68
653	1	2	2	0	0	0	0	0	3	0	68
654	1	1	1	0	1	0	0	1	1	0	68
656	1	1	1	0	0	0	0	0	1	0	68
657	1	1	1	0	0	0	0	1	1	1	68
658	1	1	1	0	0	0	0	0	0	0	68
659	1	1	1	0	0	0	0	1	1	1	69
660	1	0	2	0	0	0	2	1	3	1	69
661	1	1	1	0	0	0	0	1	0	1	69
662	1	1	1	0	0	0	2	1	1	2	69
663	1	1	1	0	0	0	0	1	1	1	69
664	1	2	1	0	1	0	2	2	2	2	69
665	1	2	2	0	0	0	2	1	3	1	69
667	1	1	1	0	0	0	1	0	0	1	69
668	1	1	1	0	0	0	0	0	0	0	69
669	1	1	1	0	0	0	0	1	0	1	69
671	1	1	1	0	0	0	0	1	1	1	69
672	1	2	3	0	0	0	4	0	1	1	69
673	1	1	3	1	0	0	3	0	2	0	251
674	1	1	1	0	0	0	0	0	0	0	251
675	1	1	1	0	1	0	0	0	0	1	251
676	1	1	1	0	2	0	0	0	0	1	251
677	1	1	1	0	1	0	0	1	0	1	251
678	1	1	1	0	0	0	0	0	0	1	251
679	1	1	4	2	0	0	1	0	1	1	251
680	1	0	1	0	1	0	2	1	1	1	251
681	1	0	8	1	0	0	1	0	1	0	251
682	1	0	1	0	1	0	0	1	0	1	251
683	1	1	1	0	0	0	1	0	1	0	251
684	1	0	4	1	1	0	2	0	1	0	251
685	1	0	4	0	0	0	2	0	2	1	251
686	2	0	4	1	0	0	0	1	0	1	251
687	1	1	2	0	0	0	1	0	0	0	6
688	1	1	1	0	0	0	0	1	1	1	6
689	1	1	1	0	0	0	0	1	1	1	6
690	1	1	1	0	4	0	0	0	0	0	6
691	1	3	2	0	2	0	0	0	2	0	6
692	1	2	2	0	2	0	0	0	1	0	6
693	1	1	1	0	0	0	0	1	1	1	6
694	1	2	2	0	0	0	0	0	1	0	6
695	1	3	3	0	0	0	0	0	2	0	6
696	1	2	2	0	1	0	0	1	2	1	6
697	1	2	2	0	1	0	0	1	1	1	6
699	1	2	2	0	0	0	1	1	1	1	6
700	1	2	3	0	3	0	0	0	1	0	6
701	1	1	1	0	0	0	0	1	1	0	99
702	1	1	1	0	0	0	0	0	1	0	99
703	1	1	1	0	0	0	0	0	1	0	99
704	1	1	1	0	2	0	0	2	0	1	99
705	1	1	1	0	0	0	0	1	1	1	99
706	1	1	1	0	0	0	0	1	1	0	99
707	1	1	1	0	0	0	0	1	1	2	99
708	1	1	1	0	0	0	0	1	1	0	99
709	1	2	1	0	0	0	2	0	1	1	99
710	1	1	1	0	0	0	0	1	1	1	99
711	2	1	1	0	0	0	2	0	2	1	99
712	1	1	1	0	0	0	1	0	0	0	99
713	1	1	1	0	0	0	0	0	2	0	99
714	1	1	1	0	0	0	0	0	0	1	99
715	1	1	1	0	0	0	1	0	0	1	229
716	1	1	1	0	0	0	0	1	0	1	229
717	1	1	1	0	0	0	0	1	1	2	229
718	1	1	1	0	0	0	0	0	0	1	229
719	1	1	1	0	0	0	0	1	1	1	229
721	1	1	1	0	0	0	0	0	0	0	229
722	1	1	1	0	0	0	0	1	1	1	229
723	1	2	2	0	0	0	0	0	2	0	229
725	1	2	2	0	0	0	0	1	1	1	229
726	1	1	1	0	0	0	1	0	0	1	229
727	1	1	1	0	0	0	0	1	1	1	229
728	1	1	1	0	0	0	0	0	0	0	229
729	1	1	1	0	0	0	0	1	1	0	228
730	1	1	1	0	1	0	0	1	1	0	228
731	1	1	1	0	1	0	0	1	0	1	228
732	1	3	3	0	1	0	0	0	0	0	228
733	1	4	4	0	1	0	0	0	0	0	228
736	1	1	1	0	1	0	0	1	0	1	228
737	1	2	3	0	1	0	1	0	1	0	228
738	1	1	1	0	1	0	0	1	0	1	228
739	1	1	1	0	0	0	0	1	1	0	228
740	1	1	1	0	0	0	0	0	0	0	228
741	1	1	1	0	0	0	0	0	0	1	228
742	1	2	2	0	0	0	0	0	0	0	228
743	1	1	1	0	0	0	1	1	0	1	91
744	1	1	1	0	0	0	1	1	0	1	91
745	1	1	1	0	0	0	1	0	0	1	91
746	1	1	1	0	0	0	1	0	0	1	91
747	1	1	1	0	0	0	2	0	1	1	91
748	1	1	2	0	2	0	2	0	2	0	91
749	1	1	0	0	1	0	1	0	1	1	91
750	1	1	1	0	0	0	0	0	0	0	91
751	2	1	1	0	0	0	1	0	0	1	91
752	1	0	1	0	1	0	2	0	1	1	91
753	1	2	2	0	1	0	1	0	0	1	91
754	2	1	1	0	0	0	1	1	0	1	91
755	1	1	1	0	0	0	0	1	1	0	91
758	1	1	2	2	0	0	0	0	1	0	226
759	1	1	1	0	0	0	0	1	0	1	226
760	1	2	2	0	0	0	0	0	0	1	226
761	1	1	1	0	0	0	0	1	1	1	226
762	1	1	1	0	0	0	0	0	0	0	226
763	1	1	1	0	0	0	0	1	1	1	226
766	1	1	1	0	0	0	0	0	0	1	226
767	1	2	2	0	0	0	0	1	2	1	226
768	1	1	1	0	0	0	0	1	1	1	226
769	1	2	2	0	0	0	0	0	1	0	226
770	1	1	1	0	0	0	0	1	0	2	226
771	2	4	5	0	1	0	0	2	1	2	93
772	3	1	3	1	0	0	3	2	2	2	93
773	1	1	1	0	0	0	0	1	1	1	93
774	1	1	5	0	2	0	4	0	1	1	93
775	1	1	1	0	0	0	0	1	1	0	93
776	1	0	1	0	0	0	3	2	2	1	93
777	2	4	3	0	1	0	0	1	1	1	93
778	2	1	2	0	2	0	2	2	1	3	93
779	1	1	1	0	0	0	1	2	1	2	93
780	1	4	3	0	1	0	1	1	1	1	93
781	2	1	2	0	0	0	2	2	0	2	93
782	2	2	2	0	0	0	2	2	2	2	93
783	3	3	4	0	1	0	4	1	0	2	93
784	1	1	1	0	0	0	1	1	0	1	93
785	4	2	2	0	0	0	0	1	2	1	92
786	3	1	2	0	2	0	0	1	0	1	92
787	4	0	2	0	1	0	2	2	2	2	92
788	4	2	2	0	3	0	0	0	0	0	92
789	5	1	2	0	1	0	1	2	2	0	92
790	4	2	2	0	1	0	0	1	1	1	92
791	4	2	2	0	2	0	0	1	1	0	92
793	4	2	2	0	2	0	0	1	2	0	92
794	4	1	2	0	2	0	1	2	1	0	92
795	4	2	2	0	1	0	0	1	1	1	92
796	4	1	3	0	3	0	1	2	2	0	92
797	5	2	2	0	3	0	1	2	1	0	92
799	2	1	1	0	2	0	0	0	0	0	95
800	2	1	1	0	2	0	1	0	1	1	95
801	1	1	1	0	1	0	1	0	0	1	95
802	1	2	2	0	0	0	0	0	0	1	95
803	1	1	1	0	0	0	0	1	1	2	95
804	1	1	1	0	0	0	0	1	0	2	95
805	2	0	1	0	1	0	1	0	0	0	95
806	1	1	1	0	0	0	0	0	1	0	95
807	1	1	1	0	0	0	0	1	0	1	95
808	1	1	1	0	0	0	0	0	1	1	95
809	1	1	2	1	0	0	1	0	0	0	95
810	1	1	1	0	0	0	0	0	0	0	95
811	1	1	1	0	0	0	1	0	0	1	95
812	1	1	1	0	0	0	0	1	0	2	95
813	1	2	3	0	0	0	0	0	1	0	94
814	1	1	1	0	2	0	0	0	1	0	94
815	1	2	2	0	0	0	0	1	1	1	94
816	1	1	1	0	0	0	0	0	0	0	94
817	1	1	1	0	0	0	0	1	1	1	94
818	1	1	1	0	2	0	1	0	1	0	94
819	1	1	1	0	0	0	0	1	1	1	94
820	1	1	1	0	0	0	0	0	0	0	94
821	1	2	2	0	0	0	1	0	0	0	94
822	1	2	2	0	0	0	0	0	1	0	94
823	1	3	2	0	0	0	0	0	0	0	94
824	1	1	1	0	0	0	0	1	1	1	94
825	1	1	1	0	0	0	0	0	0	0	94
826	1	2	2	0	0	0	0	0	1	0	94
827	5	2	0	0	0	0	4	4	0	5	221
828	3	1	0	0	2	0	2	2	1	2	221
829	3	0	1	0	2	0	2	2	1	3	221
831	2	0	1	0	0	0	4	3	1	4	221
832	1	0	1	0	1	0	2	2	1	2	221
833	1	1	2	1	0	0	3	1	1	1	221
834	1	0	1	0	0	0	1	2	1	2	221
835	1	1	3	0	2	0	2	1	1	1	221
836	2	0	3	0	1	0	1	1	0	1	221
837	1	1	3	0	1	0	1	1	0	2	221
838	1	1	2	0	1	0	2	1	1	2	221
839	1	2	4	0	2	0	5	1	0	1	221
840	1	0	1	0	3	0	1	1	0	1	221
841	1	1	1	0	0	0	0	2	1	1	220
842	1	1	1	0	0	0	0	2	1	1	220
843	1	3	2	0	0	0	0	1	2	1	220
844	1	2	2	0	0	0	1	0	0	0	220
845	1	1	2	0	2	0	1	0	2	0	220
847	1	1	1	0	0	0	0	1	1	1	220
848	1	1	1	0	0	0	0	0	0	0	220
849	1	2	2	0	0	0	0	1	2	0	220
850	1	1	1	0	0	0	0	1	1	1	220
851	1	3	2	0	0	0	0	0	1	0	220
852	1	1	1	0	0	0	0	0	0	0	220
854	3	1	3	0	2	0	3	1	1	1	220
855	1	2	2	0	0	0	0	1	0	1	13
856	1	1	1	0	0	0	0	1	0	1	13
857	1	1	1	0	0	0	0	1	1	1	13
858	1	1	1	0	0	0	0	2	0	2	13
859	1	2	2	0	0	0	0	1	0	1	13
860	1	2	2	0	0	0	0	1	1	1	13
861	1	2	2	0	2	0	0	0	2	0	13
862	1	1	1	0	3	0	0	1	0	2	13
863	1	2	2	0	0	0	0	1	1	1	13
864	1	5	4	0	3	0	1	2	2	3	13
865	1	4	3	0	4	0	0	1	1	2	13
866	1	7	3	0	2	0	1	2	1	3	13
867	1	1	1	0	1	0	0	1	1	1	13
868	1	0	1	1	1	0	2	0	2	0	13
869	1	1	1	0	0	0	2	1	1	1	12
870	1	2	2	0	0	0	0	1	1	1	12
871	1	3	1	0	0	0	0	1	1	1	12
874	1	1	2	0	0	0	1	1	1	2	12
875	1	2	2	0	0	0	0	1	1	1	12
876	1	2	2	0	0	0	0	1	2	1	12
878	1	1	1	0	0	0	0	0	0	0	12
881	1	2	2	0	0	0	0	1	1	1	12
882	1	1	1	0	0	0	0	1	0	1	12
883	1	1	1	0	0	0	0	1	1	1	14
884	1	2	2	0	0	0	0	0	2	1	14
885	1	2	3	0	1	0	0	1	2	1	14
886	2	1	2	0	2	0	0	0	1	1	14
887	1	2	2	0	1	0	1	1	1	1	14
888	2	1	2	1	1	0	4	0	1	1	14
889	1	4	3	0	2	0	0	2	1	2	14
890	2	1	2	0	1	0	1	1	1	2	14
891	1	1	1	0	1	0	0	1	0	1	14
892	2	1	2	0	1	0	2	0	1	1	14
893	1	3	3	0	1	0	0	0	1	1	14
894	1	3	2	0	0	0	0	0	3	0	14
895	1	1	1	0	0	0	0	1	1	2	14
896	2	2	3	0	3	0	0	1	3	1	14
897	1	1	1	0	0	0	1	1	1	1	16
898	1	1	1	0	0	0	1	0	0	1	16
900	1	1	1	0	0	0	0	0	0	0	16
902	1	1	1	0	0	0	0	1	1	1	16
903	1	1	1	0	0	0	1	0	0	0	16
904	1	1	1	0	0	0	0	0	0	0	16
906	1	1	1	0	0	0	0	0	0	0	16
907	1	1	1	0	0	0	0	0	0	0	16
908	1	1	1	0	0	0	1	0	0	0	16
909	1	1	1	0	0	0	0	0	1	0	16
910	1	1	2	0	1	0	1	0	0	0	16
911	1	1	1	0	0	0	0	1	1	1	18
913	1	2	2	0	0	0	0	0	1	0	18
914	1	2	2	0	0	0	0	0	1	0	18
915	1	1	1	0	0	0	0	1	1	1	18
916	1	1	1	0	0	0	1	1	0	1	18
917	1	1	0	0	0	0	0	1	1	1	18
918	1	1	0	0	0	0	0	1	1	1	18
919	1	1	0	0	0	0	0	1	1	1	18
920	1	2	2	0	0	0	0	1	2	1	18
921	1	1	1	0	0	0	0	1	0	1	18
923	1	1	0	0	0	0	0	0	0	0	18
924	1	1	1	0	0	0	0	0	0	0	18
926	2	2	2	0	2	0	1	0	1	1	238
927	1	2	2	0	0	0	0	0	1	0	238
928	1	1	1	0	0	0	0	1	1	1	238
929	1	1	2	0	0	0	1	0	1	0	238
930	1	2	2	0	1	0	0	0	1	1	238
931	1	1	1	0	1	0	0	1	1	1	238
932	1	2	3	0	2	0	0	0	0	0	238
933	1	2	2	0	0	0	0	1	2	1	238
934	1	2	2	0	0	0	0	1	1	1	238
935	1	1	1	0	0	0	0	1	1	1	238
936	1	1	2	0	0	0	0	0	0	0	238
937	1	1	1	0	0	0	0	1	1	1	238
939	1	1	1	0	0	0	0	1	0	1	234
940	2	1	1	1	0	0	3	0	2	0	234
941	1	1	1	0	0	0	0	1	1	1	234
942	2	2	1	3	0	0	1	0	1	0	234
944	1	1	1	0	1	0	2	1	3	1	234
945	2	2	3	0	1	0	4	2	0	2	234
946	1	1	1	0	2	0	2	0	1	0	234
947	1	1	1	0	0	0	0	1	0	1	234
948	1	1	1	0	0	0	0	0	0	0	234
949	1	1	1	0	0	0	0	1	1	1	234
950	1	1	1	0	0	0	0	0	0	1	234
951	1	2	1	0	1	0	0	1	1	2	234
952	1	0	2	0	0	0	3	1	4	1	234
953	1	1	1	0	1	0	0	0	1	1	230
954	1	1	1	0	0	0	1	0	0	1	230
955	1	1	1	0	0	0	0	0	0	1	230
956	1	1	1	0	1	0	0	0	0	1	230
957	1	1	1	0	0	0	0	1	1	1	230
958	1	1	1	0	0	0	0	1	1	1	230
959	1	1	1	0	0	0	0	1	1	0	230
960	1	1	1	0	0	0	0	0	0	0	230
961	1	1	1	0	0	0	2	0	0	2	230
962	1	1	1	0	1	0	0	0	1	1	230
963	1	0	1	0	0	0	2	1	2	2	230
965	1	2	2	0	0	0	0	1	2	1	230
967	1	0	1	0	2	0	2	0	2	1	232
969	1	1	1	0	0	0	0	1	1	0	232
970	1	1	1	0	0	0	0	1	1	0	232
971	2	1	1	0	2	0	4	1	2	2	232
972	1	1	1	0	0	0	0	0	0	0	232
973	1	1	1	0	0	0	0	1	1	1	232
974	1	0	1	0	0	0	2	1	1	1	232
975	4	2	4	0	2	0	4	2	2	3	232
977	1	1	1	0	0	0	1	0	0	1	232
978	1	1	1	0	0	0	1	0	0	0	232
979	1	1	1	0	0	0	0	1	1	1	232
980	1	0	1	0	0	0	2	2	2	1	232
981	1	1	2	0	1	0	1	1	0	1	233
982	1	1	1	0	1	0	0	1	0	1	233
983	1	3	3	0	0	0	0	0	2	0	233
984	1	3	3	0	1	0	1	0	1	0	233
985	2	3	3	0	0	0	0	1	1	2	233
986	1	1	2	0	1	0	1	1	1	0	233
987	1	1	1	0	0	0	1	1	1	1	233
988	1	1	1	0	1	0	0	1	0	0	233
989	1	2	3	0	3	0	2	0	0	0	233
990	1	1	1	0	1	0	2	2	1	1	233
991	1	2	1	0	1	0	0	2	0	1	233
992	1	3	3	0	1	0	1	0	0	1	233
993	1	1	1	0	1	0	1	1	2	1	233
996	1	1	0	0	2	0	1	0	0	0	48
998	1	1	1	0	1	0	1	0	0	0	48
999	1	1	1	0	1	0	1	0	0	0	48
1000	1	1	1	0	1	0	1	0	0	0	48
1001	1	1	0	0	0	0	1	0	0	0	48
1003	1	1	0	0	0	0	0	0	1	0	48
1004	1	1	1	1	0	0	0	0	0	0	48
1005	1	1	1	0	1	0	1	0	0	0	48
1007	1	1	0	0	0	0	0	0	1	0	48
1008	1	1	0	0	0	0	1	1	1	1	48
1010	1	2	3	0	1	0	2	0	1	0	49
1011	1	2	2	0	0	0	0	0	1	0	49
1012	1	1	1	0	0	0	0	0	0	0	49
1013	1	1	1	0	0	0	0	1	1	1	49
1014	1	3	3	0	1	0	0	0	1	0	49
1015	1	1	1	0	1	0	0	1	0	1	49
1016	1	2	4	0	3	0	1	0	2	0	49
1017	1	1	1	0	1	0	0	1	0	1	49
1018	1	2	3	1	1	0	1	1	1	1	49
1019	1	1	2	0	1	0	1	1	0	1	49
1020	1	3	2	0	1	0	0	0	2	0	49
1021	1	1	2	0	1	0	1	2	2	1	49
1022	1	2	2	0	0	0	0	0	1	1	49
1024	2	2	2	0	1	0	0	0	0	0	40
1025	2	2	2	0	0	0	0	1	0	1	40
1027	2	2	2	0	0	0	0	1	0	1	40
1028	2	2	2	0	0	0	1	0	0	0	40
1029	2	2	2	0	1	0	0	1	0	1	40
1030	2	2	2	0	0	0	0	1	1	1	40
1031	2	2	2	0	0	0	0	1	1	1	40
1032	2	2	2	0	0	0	1	0	0	0	40
1033	2	2	2	0	0	0	1	1	0	1	40
1034	4	5	4	2	0	0	2	0	1	0	40
1035	2	2	1	0	0	0	1	1	1	1	40
1036	2	2	2	0	0	0	0	1	1	1	40
1037	2	1	3	0	1	0	0	1	0	1	41
1038	3	3	2	0	1	0	0	2	0	1	41
1039	3	2	2	0	0	0	1	0	0	1	41
1040	3	1	1	0	0	0	0	2	1	0	41
1041	4	1	1	0	1	0	0	2	1	2	41
1042	2	1	1	0	1	0	1	2	2	1	41
1043	4	4	2	0	2	0	0	1	0	1	41
1044	2	2	2	0	1	0	0	1	2	1	41
1045	2	2	1	0	0	0	0	1	2	2	41
1046	4	1	1	0	1	0	1	2	1	1	41
1047	1	1	1	0	0	0	0	1	1	1	41
1048	2	2	1	0	1	0	0	1	1	2	41
1049	3	2	2	0	1	0	2	1	1	0	41
1050	3	2	2	0	1	0	0	2	2	0	41
1051	1	2	2	0	0	0	0	1	2	1	1
1052	1	1	1	0	0	0	0	0	0	0	1
1053	1	1	1	0	0	0	0	1	1	1	1
1054	1	1	4	0	0	0	1	0	1	1	1
1055	1	3	3	0	0	0	0	0	2	0	1
1056	1	2	2	0	0	0	0	0	1	0	1
1057	1	2	1	0	1	0	0	1	1	2	1
1058	1	1	1	0	1	0	1	1	0	1	1
1059	1	4	3	0	1	0	0	0	2	1	1
1060	1	2	3	0	0	0	2	0	1	0	1
1061	1	2	2	0	1	0	0	1	1	1	1
1063	1	2	2	0	0	0	0	0	2	0	1
1064	1	1	1	0	0	0	0	0	1	0	1
1065	1	1	1	0	0	0	1	0	0	0	9
1066	1	1	1	0	0	0	0	0	0	1	9
1067	1	1	1	0	0	0	0	0	0	1	9
1068	1	1	1	0	1	0	0	1	0	1	9
1069	1	2	2	0	0	0	0	0	1	0	9
1070	1	1	1	0	0	0	0	1	1	1	9
1071	1	1	1	0	0	0	1	0	0	1	9
1072	1	1	1	0	0	0	0	1	0	0	9
1073	1	2	1	0	0	0	0	0	1	1	9
1074	1	1	2	0	3	0	1	1	1	0	9
1075	1	2	2	0	1	0	2	1	2	0	9
1076	1	2	2	0	0	0	0	1	2	0	9
1078	1	1	1	0	2	0	0	2	0	1	9
1079	1	2	3	0	1	0	0	0	0	1	200
1080	1	1	2	0	0	0	5	2	3	2	200
1081	1	4	4	0	0	0	1	0	0	1	200
1083	1	2	1	0	0	0	0	1	1	1	200
1084	1	0	1	0	0	0	2	1	1	1	200
1085	1	2	2	0	0	0	1	2	1	1	200
1087	1	2	1	0	0	0	0	1	1	1	200
1088	1	1	1	0	0	0	0	0	0	1	200
1089	1	1	1	0	0	0	0	0	0	1	200
1091	1	1	2	0	1	0	1	0	0	1	200
1092	1	2	1	0	1	0	0	1	0	1	200
1093	1	1	1	0	0	0	0	1	1	0	203
1094	1	1	1	0	0	0	1	0	1	0	203
1095	1	2	3	0	1	0	0	0	0	0	203
1096	1	2	3	0	1	0	2	0	1	0	203
1098	1	1	1	0	0	0	0	1	1	1	203
1099	2	2	3	1	2	0	1	0	0	0	203
1100	1	1	1	0	0	0	0	0	0	1	203
1101	1	1	1	0	0	0	0	0	0	1	203
1102	1	1	1	0	1	0	1	0	1	0	203
1103	1	1	1	0	0	0	1	0	0	0	203
1104	1	1	1	1	1	0	0	0	0	0	203
1105	1	1	1	0	0	0	0	1	1	1	203
1106	1	2	3	0	1	0	2	0	1	0	203
1107	1	1	1	0	0	0	0	1	1	1	202
1108	1	1	2	0	1	0	1	0	0	0	202
1109	1	3	2	0	0	0	1	0	3	0	202
1110	2	1	2	0	1	0	0	1	0	1	202
1111	1	1	1	0	1	0	0	1	0	0	202
1112	2	2	2	0	1	0	1	1	1	0	202
1113	1	2	3	0	0	0	3	0	0	0	202
1114	1	1	2	0	2	0	2	1	1	1	202
1115	2	0	2	0	1	0	2	2	1	2	202
1116	2	1	1	0	3	0	5	2	3	3	202
1117	4	2	3	0	1	0	2	2	1	3	202
1118	2	1	1	0	1	0	3	0	0	0	202
1119	3	1	3	0	0	0	4	2	2	2	202
1120	2	1	1	0	1	0	0	1	0	1	202
1121	0	1	1	0	0	0	1	0	0	1	205
1122	0	1	1	0	0	0	1	0	0	1	205
1123	0	1	1	0	0	0	0	0	0	1	205
1124	0	2	2	0	0	0	1	1	2	0	205
1125	0	1	1	0	0	0	0	1	1	1	205
1126	0	1	1	0	0	0	1	0	0	1	205
1127	0	1	1	0	0	0	1	0	0	1	205
1129	0	1	1	0	0	0	0	1	1	1	205
1131	0	2	2	0	0	0	0	0	1	0	205
1132	0	2	2	0	0	0	0	0	2	1	205
1133	0	1	1	0	0	0	0	1	1	0	205
1134	0	1	1	0	0	0	1	0	0	1	205
1135	1	0	1	0	1	0	2	1	2	1	204
1136	1	1	1	0	0	0	1	1	1	1	204
1137	1	1	1	0	1	0	0	1	0	1	204
1138	1	0	1	0	0	0	2	1	2	0	204
1139	1	1	1	0	1	0	1	1	0	1	204
1140	1	1	1	0	1	0	0	1	0	1	204
1141	1	1	1	0	0	0	0	1	1	1	204
1142	2	0	1	0	2	0	2	1	0	1	204
1145	1	1	1	0	0	0	0	1	1	1	204
1146	1	2	3	0	1	0	1	0	1	0	204
1147	1	1	0	0	1	0	0	1	0	1	204
1148	1	1	1	0	0	0	0	1	1	1	204
1150	1	3	4	0	2	0	3	0	1	0	207
1151	1	2	2	0	0	0	1	0	1	1	207
1152	1	1	1	0	0	0	1	0	0	1	207
1153	1	2	2	0	0	0	0	1	2	2	207
1154	1	1	2	0	3	0	2	0	0	0	207
1155	1	2	2	0	0	0	2	0	1	1	207
1157	1	1	1	0	1	0	0	1	0	1	207
1158	1	1	2	0	1	0	1	0	1	1	207
1159	1	1	1	0	1	0	0	1	1	2	207
1160	1	1	1	0	0	0	0	0	0	0	207
1161	1	0	1	0	1	0	2	0	1	1	207
1162	1	3	2	0	0	0	3	0	0	0	207
1163	0	2	1	0	1	0	0	0	0	1	209
1164	0	1	1	0	1	0	0	1	0	0	209
1165	0	3	2	0	0	0	0	0	3	0	209
1166	2	0	2	2	0	0	2	1	1	1	209
1167	0	2	2	0	0	0	0	0	1	0	209
1168	1	2	2	0	0	0	0	0	1	1	209
1169	0	1	1	0	0	0	0	1	0	1	209
1170	0	0	1	2	0	0	2	1	1	1	209
1171	2	2	2	0	0	0	0	2	2	2	209
1172	0	2	2	0	0	0	0	0	1	0	209
1173	0	2	4	0	0	0	3	0	2	0	209
1174	0	1	1	1	1	0	0	0	0	0	209
1175	0	1	1	0	2	0	0	0	1	0	209
1176	0	1	3	0	0	0	0	0	1	0	209
1177	1	1	1	0	1	0	0	0	0	0	208
1179	1	1	1	0	0	0	0	0	1	0	208
1180	1	0	1	0	0	0	1	1	0	0	208
1181	1	1	1	0	0	0	1	0	1	0	208
1182	1	2	3	0	1	0	2	0	1	0	208
1185	1	1	1	0	1	0	0	0	0	0	208
1186	1	1	1	0	1	0	0	0	0	0	208
1187	1	1	1	0	0	0	0	0	1	0	208
1188	1	1	1	0	0	0	0	0	1	0	208
1189	1	1	1	0	1	0	0	0	0	0	208
1190	1	1	1	0	0	0	0	0	0	0	208
1191	1	1	1	0	0	0	0	0	0	0	77
1192	1	1	2	0	1	0	0	0	1	0	77
1193	1	1	1	0	0	0	0	0	0	0	77
1194	1	1	0	0	0	0	1	0	0	0	77
1195	1	1	1	0	0	0	1	0	0	0	77
1196	1	1	1	0	0	0	0	0	0	0	77
1197	1	1	1	0	0	0	0	0	0	0	77
1198	1	1	1	0	0	0	0	0	0	0	77
1199	1	1	1	0	0	0	1	0	0	0	77
1200	1	1	1	0	0	0	1	0	0	0	77
1201	1	1	1	0	0	0	0	0	0	0	77
1202	1	1	1	0	0	0	1	0	0	0	77
1203	1	1	1	0	0	0	1	0	0	0	77
1204	1	1	1	0	0	0	0	0	0	1	77
1205	1	1	1	0	0	0	0	1	1	1	76
1207	2	4	4	0	0	0	0	1	2	1	76
1208	1	1	1	0	0	0	1	1	0	1	76
1209	2	1	3	0	1	0	1	0	1	0	76
1210	1	1	1	0	0	0	0	0	0	1	76
1211	1	4	4	0	1	0	2	1	1	1	76
1212	1	1	1	0	0	0	0	1	1	1	76
1213	2	1	3	0	1	0	2	0	0	0	76
1214	1	1	1	0	1	0	0	0	0	0	76
1215	1	1	1	0	0	0	0	1	0	1	76
1216	1	1	1	0	0	0	0	1	0	1	76
1217	1	1	1	0	0	0	0	1	1	1	76
1218	1	1	1	0	0	0	0	1	1	1	76
1219	1	1	1	0	1	0	0	0	0	0	75
1220	1	1	1	0	0	0	0	0	0	0	75
1221	1	1	2	0	0	0	0	0	3	0	75
1223	1	1	1	0	0	0	0	1	1	1	75
1224	1	1	1	0	0	0	1	0	0	0	75
1225	1	1	1	0	0	0	1	0	1	0	75
1226	1	1	1	0	0	0	0	1	0	1	75
1227	1	1	1	0	0	0	1	0	0	0	75
1228	1	1	1	0	1	0	0	0	0	0	75
1229	1	1	1	0	0	0	0	0	0	0	75
1230	1	1	1	0	0	0	0	1	1	1	75
1231	1	1	1	0	0	0	0	0	0	0	75
1233	1	2	2	0	0	0	0	0	1	0	74
1234	1	2	2	0	0	0	0	0	0	1	74
1235	1	1	1	0	0	0	0	1	1	1	74
1236	1	1	2	0	2	0	2	0	1	1	74
1237	1	1	1	0	0	0	1	0	0	1	74
1238	1	1	1	0	0	0	0	0	1	1	74
1239	1	1	1	0	0	0	0	1	1	1	74
1240	1	1	1	0	0	0	0	1	1	0	74
1241	1	1	1	0	1	0	0	0	1	1	74
1242	1	2	2	0	0	0	0	0	1	1	74
1243	1	1	1	0	0	0	0	1	1	1	74
1244	1	1	1	0	1	0	0	1	0	0	74
1247	5	3	0	0	1	0	2	2	2	3	73
1248	6	4	0	0	1	0	2	3	1	4	73
1249	6	4	0	0	1	0	3	2	1	2	73
1250	1	1	1	0	0	0	0	0	1	0	73
1251	1	2	2	0	0	0	0	0	1	0	73
1253	2	0	1	0	3	0	3	0	2	0	73
1254	1	1	1	0	1	0	0	0	0	0	73
1255	1	1	1	0	1	0	0	1	0	1	73
1256	1	1	1	0	0	0	0	1	1	1	73
1257	1	1	1	0	0	0	0	1	1	1	73
1258	1	1	2	0	1	0	0	0	2	1	73
1259	1	1	1	0	1	0	0	1	0	1	73
1260	1	1	1	0	0	0	0	0	0	0	73
1261	1	1	1	0	0	0	0	1	2	0	72
1262	1	1	2	0	0	0	0	0	1	0	72
1263	1	1	1	0	0	0	0	1	1	0	72
1264	1	1	1	0	2	0	0	1	1	0	72
1265	1	1	1	0	0	0	1	1	1	1	72
1266	1	1	1	0	0	0	1	1	1	0	72
1267	1	2	2	0	0	0	0	0	1	1	72
1268	1	1	1	0	0	0	0	1	1	1	72
1269	1	1	1	0	1	0	0	1	1	1	72
1270	1	1	3	0	1	0	0	1	1	0	72
1271	1	2	2	0	0	0	0	1	1	1	72
1272	1	1	3	0	1	0	0	0	0	0	72
1273	1	3	3	0	0	0	0	0	1	0	72
1274	1	2	3	0	2	0	0	0	1	1	72
1275	1	1	1	0	0	0	0	1	1	1	71
1276	1	1	1	0	0	0	0	1	1	1	71
1277	1	2	1	0	1	0	0	1	1	1	71
1278	1	1	1	0	3	0	2	0	1	1	71
1279	1	1	1	0	1	0	3	2	2	0	71
1281	1	1	2	0	0	0	2	1	2	1	71
1283	1	5	6	0	1	0	1	1	2	0	71
1284	1	2	3	0	1	0	0	1	3	1	71
1285	1	3	3	0	0	0	3	0	2	0	71
1286	1	2	2	0	0	0	1	1	2	1	71
1288	1	2	2	0	0	0	1	0	1	0	71
1289	1	2	2	0	0	0	0	1	2	1	70
1290	1	1	2	0	0	0	1	0	1	0	70
1291	1	1	1	0	0	0	0	1	1	1	70
1292	1	1	2	0	0	0	1	2	3	2	70
1293	1	1	1	0	1	0	1	0	1	1	70
1294	2	2	3	0	1	0	0	0	0	1	70
1295	1	2	1	0	1	0	0	1	1	2	70
1297	1	2	5	1	3	0	2	1	1	2	70
1299	1	2	1	0	1	0	0	1	1	1	70
1300	1	2	1	0	1	0	0	1	2	1	70
1301	1	4	4	0	1	0	1	0	3	1	70
1302	1	1	1	0	0	0	0	1	1	1	70
1303	1	2	2	0	0	0	0	1	1	1	78
1304	1	1	1	0	0	0	0	0	0	1	78
1305	1	1	1	0	0	0	0	0	0	1	78
1306	1	1	1	0	0	0	0	1	1	1	78
1307	1	2	2	0	0	0	0	1	1	1	78
1308	1	1	2	0	0	0	0	0	1	1	78
1309	1	1	1	0	0	0	0	1	1	1	78
1310	1	1	1	0	0	0	0	0	0	0	78
1311	1	1	1	0	0	0	0	1	1	0	78
1312	1	1	1	0	0	0	0	1	1	1	78
1313	1	2	2	0	0	0	0	1	1	0	78
1314	1	1	1	0	0	0	0	1	1	1	78
1315	1	2	2	0	0	0	1	0	0	1	78
1316	1	2	2	0	0	0	1	0	0	1	78
1317	1	2	1	0	0	0	0	0	1	0	918
1318	1	1	2	0	1	0	1	0	2	0	918
1320	1	1	2	0	2	0	1	0	0	0	918
1321	1	2	2	0	0	0	0	0	2	0	918
1322	1	1	1	0	0	0	0	1	1	0	918
1323	1	1	1	0	0	0	0	0	0	0	918
1324	1	2	2	0	1	0	0	0	0	0	918
1326	1	1	1	0	0	0	0	1	1	1	918
1327	1	2	2	0	1	0	0	0	1	0	918
1328	1	3	3	0	0	0	0	0	2	0	918
1330	1	1	2	0	0	0	1	0	2	0	918
1332	2	2	2	0	0	0	0	1	2	1	915
1333	1	3	2	0	1	0	0	0	1	1	915
1334	1	1	1	1	0	0	0	1	1	0	915
1335	1	2	1	0	0	0	1	0	1	0	915
1336	1	1	1	1	0	0	0	1	1	0	915
1337	1	1	1	0	0	0	0	1	1	0	915
1338	1	1	1	0	1	0	0	1	1	1	915
1339	1	1	1	0	0	0	1	0	0	0	915
1340	1	3	4	0	1	0	1	1	3	0	915
1341	1	1	1	0	0	0	0	0	0	0	915
1342	1	1	1	0	1	0	2	0	2	0	915
1343	0	1	1	0	1	0	0	1	1	0	915
1345	1	1	1	0	0	0	0	1	1	0	914
1346	1	1	3	0	1	0	0	0	0	1	914
1348	1	1	2	0	0	0	0	0	1	0	914
1349	1	1	1	0	0	0	1	0	2	0	914
1350	1	1	1	0	0	0	1	0	0	0	914
1351	1	1	1	0	0	0	1	0	0	1	914
1352	1	1	1	0	0	0	0	1	1	1	914
1353	1	1	1	0	0	0	0	1	2	0	914
1354	1	2	2	0	0	0	0	0	2	1	914
1355	1	1	2	0	0	0	0	0	0	0	914
1356	1	1	1	0	1	0	0	1	0	0	914
1357	1	1	1	0	0	0	0	1	1	0	914
1358	1	4	3	0	0	0	1	0	0	0	914
1359	1	1	1	0	0	0	0	0	0	1	911
1360	1	1	1	0	0	0	1	0	0	1	911
1361	1	1	1	0	0	0	0	1	1	0	911
1362	1	1	1	0	0	0	0	1	1	0	911
1363	1	1	1	0	0	0	0	0	0	0	911
1364	1	1	2	0	1	0	1	0	0	0	911
1365	1	1	1	2	0	0	1	0	1	0	911
1366	1	2	2	0	0	0	0	0	1	0	911
1368	1	1	1	0	0	0	1	1	1	0	911
1369	1	1	1	0	1	0	1	0	1	0	911
1370	1	1	1	0	0	0	0	0	0	0	911
1371	1	1	1	0	0	0	0	0	1	0	911
1372	1	1	1	0	0	0	0	1	1	0	911
1374	1	1	1	0	0	0	0	0	0	1	910
1375	1	1	2	0	0	0	2	0	1	1	910
1376	1	1	1	0	0	0	0	0	1	1	910
1377	1	1	1	0	0	0	0	0	0	0	910
1378	1	1	1	0	0	0	0	0	0	1	910
1380	1	1	1	0	0	0	0	0	0	0	910
1381	1	1	1	0	0	0	1	0	0	1	910
1383	1	0	1	0	0	0	1	1	3	0	910
1384	1	2	2	0	0	0	0	0	1	0	910
1386	1	2	2	0	1	0	0	1	1	0	910
1387	2	1	1	0	0	0	0	0	0	0	913
1388	2	1	3	1	1	0	2	0	0	1	913
1391	1	1	1	0	0	0	0	1	1	1	913
1392	1	1	2	0	0	0	2	0	1	0	913
1393	1	1	1	0	0	0	0	0	0	1	913
1394	1	1	1	0	0	0	0	1	1	2	913
1395	1	3	2	1	0	0	1	0	3	1	913
1396	1	1	1	1	0	0	0	0	0	0	913
1397	2	2	2	0	0	0	3	0	1	1	913
1399	1	2	2	0	1	0	0	0	2	0	913
1400	1	1	1	0	0	0	0	0	0	0	913
1401	2	2	0	0	0	0	0	2	1	2	912
1402	5	3	0	0	0	0	0	3	0	3	912
1403	2	3	0	0	0	0	1	2	1	2	912
1405	2	4	0	0	0	0	1	2	1	3	912
1407	2	4	0	0	1	0	0	2	2	2	912
1408	2	4	0	0	1	0	0	3	1	2	912
1410	2	5	0	0	1	0	0	3	1	3	912
1411	2	4	0	0	2	0	0	2	1	2	912
1412	2	6	0	0	1	0	1	3	1	2	912
1413	2	5	0	0	3	0	1	2	1	2	912
1414	2	6	0	0	1	0	1	2	1	2	912
1415	1	2	2	0	0	0	1	1	1	1	902
1416	1	1	1	0	0	0	0	0	0	0	902
1417	1	1	1	0	1	0	0	1	0	0	902
1418	1	2	2	0	0	0	0	0	1	1	902
1419	1	2	2	0	1	0	0	1	0	1	902
1421	1	1	2	1	0	0	1	0	2	0	902
1422	1	1	1	0	0	0	0	0	0	0	902
1423	1	1	1	0	0	0	0	0	0	0	902
1424	1	1	2	1	0	0	0	0	1	0	902
1425	1	1	1	0	0	0	0	0	0	1	902
1426	1	1	1	0	0	0	0	0	0	1	902
1427	1	2	2	0	0	0	0	0	0	1	902
1428	1	1	1	0	0	0	0	0	0	1	902
1429	1	1	1	0	0	0	0	0	1	0	903
1430	1	1	1	0	0	0	1	0	0	1	903
1432	1	2	2	0	0	0	0	0	1	0	903
1435	1	1	1	0	1	0	0	0	0	0	903
1436	1	1	1	0	0	0	0	0	0	1	903
1437	1	2	2	0	0	0	0	0	0	0	903
1438	1	1	1	0	0	0	0	0	0	0	903
1439	1	2	2	0	0	0	1	0	1	0	903
1440	1	1	1	0	0	0	0	1	0	1	903
1441	1	1	1	0	1	0	0	0	2	0	903
1442	1	1	1	0	0	0	0	1	1	1	903
1443	1	1	2	0	3	0	1	0	0	1	900
1444	1	2	2	0	2	0	1	0	2	1	900
1445	1	1	1	0	1	0	0	1	0	1	900
1447	1	2	2	0	1	0	0	0	0	0	900
1448	1	0	3	0	2	0	3	0	1	0	900
1449	1	0	1	0	3	0	2	1	0	0	900
1450	1	1	1	0	0	0	0	1	0	2	900
1451	1	1	1	0	1	0	0	0	0	0	900
1452	1	1	4	0	5	0	3	1	2	1	900
1453	2	1	3	0	0	0	1	0	0	0	900
1454	1	2	2	0	1	0	1	0	1	1	900
1456	1	1	1	0	1	0	0	1	0	1	900
1457	1	1	0	1	0	0	0	2	0	0	901
1458	1	1	0	0	0	0	0	2	0	0	901
1459	0	1	0	0	0	0	0	2	1	0	901
1460	0	1	0	0	0	0	0	1	0	0	901
1461	1	1	0	0	0	0	0	1	0	0	901
1462	1	1	0	1	0	0	0	1	0	0	901
1463	0	1	0	0	0	0	0	2	0	0	901
1464	1	1	0	0	1	0	1	1	0	0	901
1465	1	1	0	0	0	0	1	2	0	0	901
1467	1	1	0	0	0	0	0	1	0	0	901
1468	1	1	0	0	0	0	0	2	0	0	901
1469	1	1	0	0	0	0	0	1	1	0	901
1470	1	1	0	0	0	0	0	3	1	0	901
1472	1	1	1	0	1	0	0	1	0	1	906
1474	1	2	2	0	0	0	0	0	1	0	906
1475	1	1	1	0	1	0	0	1	0	1	906
1476	1	1	1	0	1	0	0	1	0	1	906
1477	1	1	1	0	0	0	0	0	0	0	906
1482	1	2	2	0	0	0	0	1	2	1	906
1483	1	1	2	0	1	0	0	1	0	1	906
1484	1	1	1	0	1	0	0	0	0	0	906
1485	1	2	2	0	0	0	0	0	0	1	904
1486	1	2	2	0	0	0	0	0	0	0	904
1487	1	1	1	0	0	0	0	1	1	1	904
1489	1	2	1	0	0	0	0	1	2	1	904
1490	1	1	0	0	0	0	0	0	0	1	904
1491	1	1	1	0	0	0	0	0	0	1	904
1492	1	3	3	0	0	0	1	0	0	1	904
1493	1	1	2	0	1	0	1	0	0	0	904
1494	1	1	1	0	0	0	0	0	0	1	904
1495	1	4	3	0	0	0	2	0	0	0	904
1496	1	2	2	0	2	0	1	1	0	2	904
1497	1	1	1	0	0	0	1	0	0	1	904
1498	1	2	2	0	1	0	0	0	0	1	904
1499	1	1	0	0	1	0	0	0	1	1	905
1500	1	1	0	0	1	0	0	1	1	2	905
1501	1	1	0	0	0	0	0	0	0	1	905
1503	1	1	0	0	1	0	0	1	1	1	905
1504	1	1	0	0	1	0	0	1	0	1	905
1505	1	1	0	1	1	0	1	0	0	1	905
1506	1	1	0	0	1	0	0	0	1	1	905
1507	1	1	0	0	0	0	0	1	1	1	905
1508	1	1	0	0	0	0	0	0	1	0	905
1509	1	1	0	1	1	0	0	0	1	1	905
1510	1	1	0	0	0	0	0	1	1	0	905
1511	1	1	0	1	0	0	0	1	2	0	905
1512	1	1	0	1	1	0	0	0	2	2	905
1513	1	1	1	0	0	0	0	1	2	1	908
1514	1	1	1	0	0	0	0	0	0	0	908
1515	1	1	3	0	1	0	2	1	0	1	908
1516	1	1	1	0	0	0	0	0	1	0	908
1517	1	2	1	0	1	0	3	0	0	0	908
1518	1	0	2	0	0	0	3	1	2	1	908
1519	1	1	1	0	0	0	0	0	0	0	908
1520	1	2	2	0	1	0	0	0	1	0	908
1522	1	1	1	0	0	0	0	0	0	0	908
1523	1	1	1	0	0	0	0	0	1	0	908
1524	1	1	1	0	0	0	0	0	0	0	908
1525	1	2	2	0	1	0	0	0	1	0	908
1526	1	1	1	0	0	0	1	1	2	1	908
1527	1	1	0	0	0	0	0	1	1	1	909
1528	0	0	0	0	1	0	3	1	1	1	909
1529	1	2	0	0	1	0	3	0	1	1	909
1530	1	1	0	0	0	0	0	1	1	2	909
1531	1	0	0	0	0	0	1	1	0	1	909
1532	1	0	0	0	2	0	2	0	1	0	909
1533	1	1	0	0	0	0	3	0	1	1	909
1534	1	0	0	0	2	0	2	0	1	0	909
1535	1	1	0	0	0	0	3	0	0	0	909
1536	1	2	0	0	0	0	1	0	0	1	909
1537	1	1	0	0	0	0	0	1	0	1	909
1538	1	1	0	0	0	0	3	0	1	1	909
1539	1	1	0	0	0	0	1	0	1	1	909
1540	1	2	0	0	0	0	1	0	1	0	909
1541	1	1	1	0	1	0	0	1	0	1	922
1542	1	2	2	0	1	0	0	0	0	0	922
1543	1	1	1	0	1	0	0	1	0	1	922
1544	1	2	2	0	0	0	0	1	0	1	922
1545	1	1	1	0	0	0	0	0	0	1	922
1547	1	2	2	0	1	0	0	1	0	1	922
1548	1	1	1	0	0	0	1	1	1	1	922
1550	1	1	1	0	0	0	1	0	0	1	922
1551	1	1	1	0	0	0	1	0	0	1	922
1552	1	1	1	0	0	0	0	0	0	1	922
1553	1	1	1	0	1	0	0	1	0	1	922
1554	1	1	1	0	0	0	0	0	0	0	922
1555	1	1	1	0	0	0	1	0	0	1	926
1556	1	1	1	0	1	0	0	0	0	0	926
1558	1	1	2	0	0	0	1	0	1	0	926
1560	1	1	1	0	0	0	0	0	0	0	926
1561	1	1	1	0	0	0	0	0	1	0	926
1563	1	1	1	0	1	0	0	0	0	0	926
1564	1	2	3	0	0	0	1	0	2	0	926
1565	1	1	1	0	1	0	0	0	0	0	926
1566	1	1	1	0	1	0	0	0	1	0	926
1567	1	1	1	0	1	0	0	0	0	0	926
1568	1	1	1	0	0	0	0	0	0	0	926
1569	0	0	1	0	1	0	1	1	0	1	927
1570	0	1	1	0	0	0	1	0	0	0	927
1571	0	1	1	0	0	0	0	1	1	0	927
1572	0	1	1	0	0	0	0	0	0	1	927
1573	1	0	1	1	0	0	2	0	0	1	927
1574	0	1	1	0	0	0	0	1	1	1	927
1575	0	1	1	0	0	0	0	0	0	0	927
1576	0	1	2	1	0	0	0	0	2	0	927
1577	0	1	1	0	0	0	1	1	1	1	927
1578	0	1	1	0	0	0	0	1	0	1	927
1579	0	1	1	0	0	0	0	1	0	1	927
1580	0	1	1	0	0	0	1	0	0	1	927
1581	0	1	1	0	0	0	0	0	0	1	927
1582	0	1	1	0	0	0	2	0	1	1	927
